,fixed acidity,volatile acidity,citric acid,residual sugar,chlorides,free sulfur dioxide,total sulfur dioxide,density,pH,sulphates,alcohol,quality
count,1599.0,1599.0,1599.0,1599.0,1599.0,1599.0,1599.0,1599.0,1599.0,1599.0,1599.0,1599.0
mean,8.319637273295838,0.5278205128205131,0.2709756097560964,2.5388055034396517,0.08746654158849257,15.874921826141339,46.46779237023139,0.9967466791744833,3.311113195747343,0.6581488430268921,10.422983114446502,5.6360225140712945
std,1.7410963181277006,0.17905970415353498,0.19480113740531785,1.4099280595072805,0.047065302010090154,10.46015696980973,32.89532447829901,0.0018873339538425563,0.15438646490354266,0.16950697959010977,1.0656675818473926,0.8075694397347023
min,4.6,0.12,0.0,0.9,0.012,1.0,6.0,0.9900700000000001,2.74,0.33,8.4,3.0
25%,7.1,0.39,0.09,1.9,0.07,7.0,22.0,0.9956,3.21,0.55,9.5,5.0
50%,7.9,0.52,0.26,2.2,0.079,14.0,38.0,0.99675,3.31,0.62,10.2,6.0
75%,9.2,0.64,0.42,2.6,0.09,21.0,62.0,0.9978349999999999,3.4,0.73,11.1,6.0
max,15.9,1.58,1.0,15.5,0.611,72.0,289.0,1.00369,4.01,2.0,14.9,8.0
